id,product_name,description,price,rate,image_source,date,quanitity_unit,quantity_available,,category_id
1,"Bộ 12 Miếng Dán Phản Quang Cảnh Báo Ban Đêm Dùng Cho Xe Ô Tô, Xe Máy, Xe Đạp","Tên sản phẩm: Miếng dán phản quang cảnh báo ban đêm
Kích thước: 4.5cm x 4cm (1 miếng)
Chất liệu: PVC cao cấp có lớp phản quang
Miếng dán có 1 mặt phản quang, 1 mặt băng dính 2 mặt
Màu sắc: Xanh neon, Cam, Đỏ, Bạc, Đỏ, Xanh",25000,,https://file.hstatic.net/200000163769/file/o_12_mieng_dan_phan_quang_canh_bao_ban_dem_cho_xe_o_to__xe_may__xe_dap_fbebaa57a9a3494e9d44eee825665f53_grande.png,,,,,1fa4ee2b-be04-4227-b82b-ed20f9fc2c3a
2,"Nước Hoa Để Taplo Ô tô,
Nước Hoa DUKE Chính Hãng,
Chiết Xuất 100% Thiên Nhiên,
Giúp Khử Mùi ,Chống Say Xe","Tên sản phẩm: Nước Hoa DUKE
 để taplo ô tô 
Dung tích:50ml
Kích thước:94mm x 56.7mm x 53.8mm
Trọng lượng:300gr
Các mùi:
+Màu Đen: Đàn Hương
+Màu Xanh: Hoa Nhài Tươi Mát
+Màu Vàng : Hương cafe
Chất liệu: Chai thủy tinh cao cấp
Có thể để trên taplo ô tô , phòng làm việc,
phòng ngủ, bàn làm việc,bàn học...",179000,,"https://product.hstatic.net/200000163769
/product/4._nuoc_hoa_duke_dung_tren_o_to
__ban_lam_viec__van_phong_
422b612c305e418398782e155db2acca_master.png",,,,,85bc4456-9b62-4f79-b101-b9068446e36e
3,"Mào TAXI Đế Hút Nam Châm,
 Có Đèn","Tên sản phẩm: Mào Taxi Màu sắc: Vàng, Trắng
Chất liệu: Nhựa ABS cao cấp
Kích thước: (Dài x Rộng x Cao)
29cm x 14cm x 10cm
Đế có nam châm từ tính cực hút Có đèn
Sử dụng nguồn điện 12V",139000,,"https://product.hstatic.net/200000163769
/product/10._
mao_taxi_de_hut_nam_cham__co_den_
96c96a4ef80a439a8d273a6edb1ef385_
master.jpg",,,,,16080802-db3f-4dc9-8965-3ddfdb6a676e
4,"
Bình Cứu Hoả Mini 500ml,
Bình Chữa Cháy Mini FIRE STOP
 Dùng Trên Ô Tô, Xe Hơi","Tên sản phẩm: Bình cứu hoả mini, 
Bình chữa cháy mini FIRE STOP
Dung tích: 500ml
Màu sắc: Vàng – Đỏ Kích thước: Cao 26cm",59000,,"https://product.hstatic.net/200000163769
/product/binh_cuu_hoa_mini_a460c2ea9
ec24f3996200afb589a4019_master.png",,,,,1fa4ee2b-be04-4227-b82b-ed20f9fc2c3a
5,"Gối Tựa Đầu, Gối Tựa Cổ Khi Ngủ 
Trên Ô Tô, Xe Hơi
Chống Đau Mỏi Vai Gáy, 
Có Thể Điều Chỉnh Kích Thước","Tên sản phẩm: Gối tựa đầu
cổ ngủ trên ô tô, xe hơi
Chất Liệu: Da PU Cao Cấp
Thanh đỡ Chất liệu ABS 
cao cấp, chắc chắn,
có thể đièu chỉnh kích thước,
xoay 180 độ 
Tai gối có thể tháo rời 
Màu sắc: Đen, Kem, Đỏ, Nâu,
Café, Kem,…",299000,,"https://product.hstatic.net/200000163769
/product/tren_o_to__xe_hoi__chong
_dau_moi_vai_gay__co_the_dieu_chinh
_kich_thuoc_9f97a636bc354414b
cb064e3a9c330b8_master.jpg",,,,,85bc4456-9b62-4f79-b101-b9068446e36e
6,"Đèn LED Trần Ô Tô, Xe Hơi 
Full Size Phù Hợp Với Mọi Loại Xe","Ánh sáng: trắng  
Điện áp: 12V 
Điện năng tiêu thụ 1W 
Mô hình dùng cho: các loại xe phổ thông 
Không thay đổi mạch điện, 
thay thế trực tiếp đèn xe nguyên bản 
Sử dụng: đèn đọc sách, đèn cửa, 
đèn mái, đèn đuôi đèn biển số .... 
Kích thước: 31, 36, 39, 41mm 
Đèn có thể lắp cho mọi loại xe.",29000,,"https://product.hstatic.net/20000
0163769
/product/12._den_led_tran_o_to_34d
16ada57c6425383c4a6b656782cd9
_master.jpg",,,,,16080802-db3f-4dc9-8965-3ddfdb6a676e
7,"Tượng Chú Tiểu Gõ Mõ 
Gật Đầu Sử Dụng Năng Lượng Mặt Trời, 
Tượng Sư Thầy Gõ Mõ","Tên sán phẩm: Tượng sư thầy gõ mõ 
Tượng chú tiểu gõ mõ 
Chất liệu: Nhựa ABS 
Màu sắc: Sư thầy mặc áo cà sa màu đỏ - vàng 
Kích thước: 7.5 cm x 7.5 cm x 9 cm 
Khối lượng: 50g Sử dụng Pin năng lượng mặt trời

",99000,,"https://product.hstatic.net/200000163769
/product/11._tuong_chu_tieu_go_
mo_nang_luong_mat_troi_
afe982ec4c564e8c8796947
dc8066602_master.jpg",,,,,85bc4456-9b62-4f79-b101-b9068446e36e
8,"Bộ 5 Chổi Cọ Rửa Vệ Sinh Ô Tô Đa Năng, 
Cọ Rửa Khoang Máy, Mâm Xe, Nội Thất Ô Tô","Tên sản phẩm: Chổi cọ rử vệ sinh đa năng 
Chất liệu bàn chải: Lông heo và sợi tổng hợp 
Chất liệu tay cầm: Nhựa PP cao cấp 
Bộ gồm 5 chổi kích thước chiều cao: 
24cm – 23cm – 22.5cm – 22cm – 20.5cm 
Màu sắc: Đen – Đỏ Trọng lượng: 205g",39000,,"https://product.hstatic.net/2000001637
69/product/_co_rua_ve_sinh_o_to_da
_nang__co_rua_khoang_may__mam
_xe__noi_that_o_to_76fbab693a4045
5b81a5e0396105a456_master.jpg",,,,,e89798f5-c584-43e4-b288-7ef01073a09a
9,"Chai Xịt Tẩy Vệ Sinh Nội Thất Ô Tô Dạng
Bọt CAMEL FOAM CLEANER 650ml","Tên sản phẩm: Xịt tẩy vệ sinh đa năng, 
vệ sinh nội thất ô tô 
CAMEL MULTI PURPOSE FOAM CLEANER
Dung tích: 650ml
Dạng bọt mịn
Được sản xuất theo công nghệ của Thái Lan
Chai xịt tẩy vệ sinh đa năng Camel 
phù hợp cho việc làm sạch nội thất ô tô, 
nội thất gia đình, vải nỉ, thảm, giày da, vải, 
nhựa, xốp, cao su, đồ kim loại,…
Màu sắc: Chai màu vàng
Mùi thơm dễ chịu
Xuất xứ: Trung Quốc
",35000,,"https://product.hstatic.net/2000001
63769/product/xit_tay_ve_sinh_noi
_that_o_to_camel_ea9554e025dc
4cf9a57fb734b916f440_master.png",,,,,e89798f5-c584-43e4-b288-7ef01073a09a
10,"Chai Xịt Phủ NANO DIY 200ml 
Chống Bám Nước Kính, Phủ Bóng Sơn Xe Ô Tô","Tên sản phẩm: Dung dịch Phủ NANO DIY
Thương hiệu: DIY
Dung tích: 200ml
Kết cấu: Nước khử Ion, dầu khoáng, Glycerin, Este
Chứng nhận tiêu chuẩn MSDS
Mục đích sử dụng: Phủ bóng sơn xe, kính xe, 
chống nước, chống bụi
Điều kiện bảo quản: Nhiệt độ thường

",79000,,"https://product.hstatic.net/20000
0163769/product/xit_phu_nano_
diy_c4402d1b61d24b93aacedd
fd199eb048_master.png",,,,,e89798f5-c584-43e4-b288-7ef01073a09a
11,"Bộ 400 Đinh Tán Chốt Vít Nở 
Nhựa Dùng Cho Xe Ô Tô, Xe Hơi","Tên sản phẩm: Bộ 400 đinh tán chốt vít nở nhựa
Số lượng: Bộ sản phẩm gồm 400 đinh tán chốt vít
Chất liệu: Nhựa
Màu sắc: Màu hỗn hợp ngẫu nhiên
Khối lượng 1 túi: 500gr
",75000,,"https://product.hstatic.net/200000163
769/product/bo_400_dinh_tan_chot_
vit_no_nhua_4da6c911c8ca437a8903
23fba4dfa1e9_master.png",,,,,149a401d-01ed-4138-a4dc-731cf6836060
12,"Máy Khuếch Tán Tinh Dầu Phun Sương 
Khử Mùi Dùng Trên Ô tô, Bàn Làm Việc,
Bàn Học, Cổng Sạc USB","Tên sản phẩm: Máy khuếch tán tinh dầu
Kích thước: 6.9cm x 6.9cm x 15.2cm
Dung tích: 300ml
Trọng lượng: 150gr
Màu sắc: Trắng, Đen, Hồng
Chất liệu: Nhựa ABS + PP + Silicone
",199000,,"https://product.hstatic.net/2000
00163769/product/may_khuech_tan_hoi_
nuoc_-_tinh_dau_57966fc47f084
d6ea47c77c6c7c0abbc_master.png",,,,,85bc4456-9b62-4f79-b101-b9068446e36e
13,"Móc Treo Chìa Khóa Ô Tô Có Logo 
Hãng Xe Cao Cấp Các Hãng - Có Tua Vít
","Tên sản phẩm: Móc treo chìa khoá ô tô 
Có logo của các hãng xe ô tô:
Honda, Hyundai, Mazda, Ford, Toyota, Mitsubishi, 
Nissan, Lexus, Vinfast, Kia, Mecerdes, Audi, 
MG, Peugeot... 
Trọng lượng: 50gr 
Bộ sản phẩm bao gồm: 01 móc treo chìa khoá 
có logo hãng xe + 01 tua vít

",35000,,"https://product.hstatic.net/2000001637
69/product/11._moc_treo_chia_khoa_o_to
_731e600ac1bb4f9b882c6537feb103c0_
master.jpg",,,,,85bc4456-9b62-4f79-b101-b9068446e36e
14,"Bơm Lốp Ô Tô Xe Hơi 2 XiLanh 
Công Suất Cực Lớn Tự Động Ngắt
","Chất liệu : Hợp kim ,nhựa tổng hợp 
Màu sắc : Đen bạc 
Trọng lượng : 2,5kg 
Có đồng hồ hiển thị số cân hơi 
Bơm liên tục tối đa : 15 - 20 phút. 
Lưu lượng bơm khí : 55l/phút. 
Áp suất hơi tối đa : 150PSI ~ 10kg/cm2 
Thời gian bơm : chỉ khoảng 30 giây đến 1 phút 
tùy loại lốp 
Dây nguồn : điện dài 3 mét với đầu cắm tẩu 12V 
Sử dụng nguồn điện : 12V/ 15A , 6A, 8A, 10A
có thể sử dụng nguồn điện 220V 
nếu bạn có bộ đổi nguồn

",790000,,"https://product.hstatic.net/20000016
3769/product/15._bom_lop_o_to_2_xi_lanh
_8512c672fdac44858166c9e70ac342e5
_master.jpg",,,,,6c0733f6-3439-4386-a64f-ebe34d04eead
15,Lò Xo Mở Cốp Ô Tô Tự Động Thông Minh,"Tên sản phẩm: Lò xo mở cốp tự động thông minh 
dùng cho xe ô tô, xe hơi
Kích thước: BẠN CÓ THỂ ĐIỀU CHỈNH CHIỀU DÀI 
LÒ XO PHÙ HỢP VỚI XE CỦA MÌNH
Chiều dài tối thiểu: 15cm; 
Chiều dài tối đa: 24cm
Chất liệu: Inox 304 phun sơn tĩnh điện
bóng, bền, đẹp
Khối lượng: 100gr

",69000,,"https://product.hstatic.net/200000
163769/product/11._lo_xo_mo_cop_o
_to_f96f2ea9a1114edd9972851bbb614
0c8_master.jpg",,,,,149a401d-01ed-4138-a4dc-731cf6836060
16,"Thùng Rác Mini Đa Năng Dùng Trên Xe Ô Tô, 
Bàn Học, Bàn Làm Việc, Hình Ngộ Nghĩnh Đáng Yêu","Tên sản phẩm: Thùng rác mini đa năng
Kích thước: 14 cm x 6.5 cm x 15.5cm 
(Dài  x Rộng x Cao)
Màu sắc: Đen + Sticker Đáng Yêu
Khối lượng: 150gr
Chất liệu: Nhựa ABS cao cấp
Thùng rác mini phù hợp gắn cửa xe ô tô, 
gắn sau ghế ô tô 
hoặc để trên bàn làm việc, bàn học,…
",55000,,"https://product.hstatic.net/20000016
3769/product/6._thung_dung_rac_mini_
4cc4db17d9d3478faeac3aac4a1d618b
_master.jpg",,,,,85bc4456-9b62-4f79-b101-b9068446e36e
17,"Lót Ghế Ô Tô Hạt Gỗ Thông 
Chống Mỏi Lưng, Thoáng Mát Cao Cấp","Chiều dài: 112 cm 
Chiều ngang 45cm 
Độ dài khoác vai 58 cm
CHẤT LIỆU: 100% gỗ thông 
MÀU SẮC: màu vàng bát 
Phân loại: 
Khoác vai gỗ thông 
Khoác vai gỗ thông đan hoa
",189000,,"https://product.hstatic.net/20000016
3769/product/lot_ghe_hat_go_dan_hoa
_3d295e159aac496b87c959d0d22f6ce
4_master.png",,,,,85bc4456-9b62-4f79-b101-b9068446e36e
18,"Cảm Biến Áp Suất Lốp Ô Tô TPMS 
Phiên Bản Quốc Tế, Sử Dụng Năng Lượng Mặt Trời","Cảm biến áp suất lốp Phiên bản QUỐC TẾ, 
sử dụng hoàn toàn tiếng Anh. 
Trang bị VI XỬ LÝ CỦA ĐỨC 
(cao cấp hơn bản dùng chip TQ) 
MÀN HÌNH MÀU, hộp đựng lót mút chống sốc, ... 
HUD cảnh báo dùng nguồn năng lượng kép từ 
nguồn sạc USB và NĂNG LƯỢNG MẶT TRỜI 
Đạt chứng chỉ CE (Châu Âu) và FCC (Mỹ)
Nhiệt độ làm việc: -20°C+80°C . 
HUD cảnh báo chạy bằng pin sạc (qua cổng USB) 
và năng lượng mặt trời (nguồn sạc bổ sung) 
Tuổi thọ pin của bộ phận cảm biến 
áp suất lốp lên đến 2 năm 
Độ chính xác: ±3PSI (±0.2bar) 
Độ chính xác nhiệt độ: ±3°C. 
Phạm vi kiểm tra áp suất: 0-50psi (0-3.5bar).

",459000,,"https://product.hstatic.net/2000001
63769/product/3._cam_bien_ap_suat_lop
_o_to_729a78f81cd246779504a9ffd5db73b2
_master.jpg",,,,,1fa4ee2b-be04-4227-b82b-ed20f9fc2c3a
19,"Chống Bám Nước Kính Ô Tô 3M 
Glass Coat Windshield, Hạn Chế Vết Ố Nước, 
PN08889LT 200ml","Tên sản phẩm: Dung dịch chống bám nước 
kính ô tô 3M Glass Coat Windshield PN08889LT
Mã sản phẩm: 08889LT
Thương hiệu: 3M Mỹ
Dung tích: 200ml
Thành phần:  Water, 2Butoxyethanol, Isobutan
Không chứa chất tẩy rửa, axit
Hạn sử dụng: 3 năm kể từ ngày sản xuất
Bộ sản phẩm bao gồm: 01 chai Chống bám nước kính 
Ô Tô 3M 200ml; 01 găng tay nilon; 01 khăn lau mềm

",199000,,"https://product.hstatic.net/20000016
3769/product/4._chong_bam_nuoc_3m
_f06e518c61e1403e85da7b3d3008d3fe
_master.png",,,,,e89798f5-c584-43e4-b288-7ef01073a09a
20,"Chai Vá Lốp, Bơm Lốp Khẩn Cấp 
Tự Động FLAMINGO F015 
Dùng Cho Ô Tô, Xe Máy, Xe Đạp Điện 450ml","Tên sản phẩm: Chai vá lốp, bơm lốp khẩn cấp, 
tự động – TIRE SEALANT &INFLATOR FLAMINGO F015

Hãng sản xuất: FLAMINGO

Mã sản phẩm: F015

Dung tích: 450ml

Sử dụng cho: Lốp Ô Tô, Lốp Xe Máy, Lốp Xe Đạp điện

Thành phần: Dung dịch dạng xịt Hỗn hợp Glycol, 
Ammonia, Diatomite, Dung môi chất lạnh R134a

Bảo quản nơi khô ráo, thoáng mát. 
Tránh xa tầm tay trẻ em, KHÔNG ĐƯỢC UỐNG. 
Hạn sử dụng 3 năm
",119000,,"https://product.hstatic.net/200000
163769/product/an_cap__tu_dong_dung_cho_
o_to__xe_may__xe_dap_dien_flamingo_f015_
450ml_d69c5a883786440c94aa883ff2f2d029_
master.jpg",,,,,6c0733f6-3439-4386-a64f-ebe34d04eead
21,"Bộ 4 Miếng Dán Phản Quang 
OPEN Cảnh Báo An Toàn Xe Ô Tô","Tên sản phẩm: Miếng dán phản quang 
Open cảnh báo an toàn xe ô tô
Vị trí dán: Cánh cửa xe ô tô, đuôi xe ô tô, 
đầu xe ô tô, bánh xe ô tô
Kích thước: 9.5 cm x 2.5 cm
Màu sắc: Đỏ, Cam, Vàng
Trọng lượng: 10g
Bộ sản phẩm gồm 4 miếng dán phản quang
Chất liệu: Decal phản quang, chống xước tốt

",15000,,"https://product.hstatic.net/200000163
769/product/19._bo_4_mieng_dan_phan_
quang_canh_bao_xe_o_to_86be4993fd1
64f20aaf02eb63cb62587_master.jpg",,,,,1fa4ee2b-be04-4227-b82b-ed20f9fc2c3a
22,"Đôi Cánh Thiên Thần 
3D Dán Trang Trí Logo 
Các Hãng Xe Ô Tô, Chất Liệu Hợp Kim Không Gỉ
","Tên sản phẩm: Đôi cánh thiên thần 
3D trang trí cho logo xe ô tô
Ví trí dán: 2 bên logo của xe ô tô
Màu sắc: Vàng , Bạc
Kích thước: Dài x rộng: 14.2 cm x 4.2 cm
Chất liệu: Hợp kim không gỉ
Bộ sản phẩm bao gồm: 2 cánh thiên thần, 
2 miếng băng keo dán 2 mặt
Khối lượng: 50g

",39000,,"https://product.hstatic.net/2000001637
69/product/17._doi_canh_thien_than_3d_
dan_trang_tri_logo_hang_xe_o_to_b18b98
31464e453abeb2f57b00fb076c_master.png",,,,,85bc4456-9b62-4f79-b101-b9068446e36e
23,"Bộ 4 Tượng Chú Tiểu Tứ Không Để Taplo 
Trang Trí Xe Ô Tô, Bàn Làm Việc, Bàn Học","Tên sản phẩm: Bộ 4 tượng chú tiểu tứ không: 
Không Nhìn, Không Nói, Không Nghe, Không Làm
Kích thước: (Rộng x Cao)
Tượng Không nhìn: 4cm x 5cm
Tượng Không nói: 3.5cm x 5cm
  Tượng Không nghe: 3.7cm x 5cm
  Tượng Không làm: 3.5cm x 5cm
Màu sắc: Vàng – Nâu – Xanh _Ghi
Chất liệu: Thạch cao phủ sơn cao cấp

",45000,,"https://product.hstatic.net/200000
163769/product/_bo_4_tuong_chu
_tieu_tu_khong_de_taplo_trang_tri_xe_
o_to__ban_lam_viec_7bd34854b14442f
89ebbb45aa3e2bfc6_master.png",,,,,85bc4456-9b62-4f79-b101-b9068446e36e
24,"Tem Dán Ô Tô Baby In Car, 
Dán Đuôi Xe Ô Tô, Decal Dán Trang Trí Xe 
Ô Tô Nhiều Hình Ngộ Nghĩnh","Tên sản phẩm: Tem dán ô tô Baby In Car
Màu sắc: Nhiều  màu
Kích thước:
Hình vuông: 11 x 11 (cm);
Hình tròn: Đường kính 11cm
Vị trí dán: Đuôi xe ô tô; Kính chắn gió sau ô tô
Chất liệu: Giấy lụa PVC phủ kim loại
",10000,,"https://product.hstatic.net/20000
0163769/product/em_dan_o_to_baby_
in_car__dan_duoi_xe_o_to__decal_dan
_trang_tri_xe_o_to_be724382fc2b48fb9bc
c9f7ed9b57a41_master.png",,,,,85bc4456-9b62-4f79-b101-b9068446e36e
25,"Chốt Cài Dây An Toàn Ô Tô Cắm Nối Tiếp, 
Đai Ngắt Chuông Ô Tô Full Logo Các Hãng Xe Ô Tô
","Tên sản phẩm: Chốt cài dây an toàn nối tiếp, 
Đai ngắt chuông nối tiếp
Khối lượng: 50g
Màu sắc: Bạc – Đen
Chất liệu: Da vân carbon, Thép chống gỉ
Full logo các hãng xe: Mazda, Hyundai, Toyota, 
Honda, Ford, Mercedes, Chevrolet, BMW, 
Vinfast, Nissan, Mitsubishi, Kia, VIP,….
Kích thước: 9.5 cm x 4 cm x 2.4 cm (Dài x rộng x cao)

",75000,,"https://product.hstatic.net/200000
163769/product/10._chot_cai_day_
an_toan_noi_tiep_cac_hang_xe_o_to_
45d1364f3b12417fb9ef76860682842c_
master.jpg",,,,,1fa4ee2b-be04-4227-b82b-ed20f9fc2c3a
26,"Giá Đỡ Điện Thoại Để Taplo - Gắn Kính Lái Xe Ô Tô, 
Kẹp Điện Thoại Cửa Gió Điều Hoà Ô Tô AB360","1. Giá đỡ điện thoại đẻ taplo - gắn cửa kính
Khối lượng: 300gr
Màu sắc: Đen
Chất liệu: ABS, PP, PVC 
Có thể xoay, kéo dài, điều chỉnh tùy ý
Dùng được trên taplo, cửa kính 
Phù hợp với các dòng điện thoại 
có kích thước từ 4 - 7 inch
Đế hít chân không
Xoay 270 độ
1.1. Giá đỡ điện thoại kép cửa gió
Khối lượng: 200gr
Màu sắc: Đen
Chất liệu: ABS, PP, PVC 
Có thể xoay, kéo dài, điều chỉnh tùy ý
Dùng được trên cửa gió điều hoà ô tô
Phù hợp với các dòng điện thoại có kích thước từ 4 - 7 inch
3 Chân, kẹp cửa gió chắc chắn
Xoay 180 độ

",69000,,"https://product.hstatic.net/2000001
63769/product/10._gia_do_dien_thoai
_6a26a8c6f35843fe86c15c8bff8f8b
71_master.jpg",,,,,16080802-db3f-4dc9-8965-3ddfdb6a676e
27,"Móc Treo Đồ Đa Năng Gắn Sau Ghế Ô Tô, 
Chất Liệu Nhựa ABS Cao Cấp Version 2","Tên sản phẩm: Móc treo đồ đa năng gắn sau ghế ô tô
Chất liệu: Nhưa ABS cao cấp
Màu sắc: Đen
Kích thước: 60 mm x 10 mm
Vị trí sử dụng: Ghế ô tô
Kiểu dáng: Dạng móc
",4000,,"https://product.hstatic.net/20000
0163769/product/23._moc_treo_
do_da_nang_gan_sau_ghe_o_to_
5e752d1edb1a4c9e893ca27d4af640e8
_master.png",,,,,1fa4ee2b-be04-4227-b82b-ed20f9fc2c3a
28,"Nút Dán Giảm Lực Đóng Cửa Xe 
Ô Tô Chất Liệu Silicone Cao Cấp, 
Chống Sốc Bảo Vệ Cửa Xe Ô Tô","Tên sản phẩm: Nút dán giảm lực đóng cửa xe ô tôa
Kích thước: 
Cao: 1 cm
Đường kính: 2.8 cm
Độ dày: 4 mm
Trọng lượng: 50g
Chất liệu: Silicone cao cấp, chống va đập, chống sốc
Vị trí lắp đặt: Mép cửa, Vị trí tiếp xúc của cánh cửa, 
Nắp Capo, Cốp xe với thân xe

",3000,,"https://product.hstatic.net/20000016
3769/product/14._nut_dan_giam_luc_dong
_cua_xe_o_to_d9777dcd56564e92ac60c3d
8eadc96fb_master.jpg",,,,,1fa4ee2b-be04-4227-b82b-ed20f9fc2c3a
29,"Nước Hoa Kẹp Cửa Gió Điều Hoà Ô Tô 
Sang Trọng, Quý Phái, 
Tinh Dầu Thơm Dùng Cho Xe Ô Tô","Tên sản phẩm: Nước hoa kẹp cửa gió điều hoà ô tô, xe hơi 
Dung tích: 12 ml 
Kích thước hộp: 130 x 70 (mm) 
Kích thước chai nước hoa: 70 x 55 (mm) 
Thành phần: Nước hoa kẹp cửa gió điều hoà ô tô 
được làm từ 100% tinh dầu thiên nhiên 
Mùi hương 
Màu Vàng: Hương chanh tươi mát, khử mùi hiệu quả 
Màu Xanh dương: Hương bạc hà thanh mát, 
khử mùi nhẹ nhàng 
Màu Đỏ: Hương hoa quả ngọt dịu, nhẹ nhàng 
Màu Tím: Hương Hoa Lavender dịu dàng, thơm nhẹ nhàng 
Khối lượng: 0.2 kg

",69000,,"https://product.hstatic.net/200000163
769/product/1._nuoc_hoa_kep_cua_gio_
dieu_hoa_o_to_a28d0c049c92434eb304d3
f291521e38_master.png",,,,,85bc4456-9b62-4f79-b101-b9068446e36e
30,"Bộ 2 Mang Cá R-LINE Chữ 3D 
Kiểu Dáng Thể Thao Trang Trí Xe Ô Tô","Bộ 2 Mang Cá R-LINE gồm 1 cặp cho 2 bên sườn xe ô tô
Kích thước: Tổng chiểu dài Mang cá R-LINE là 43 cm
Chất liệu: Bộ 2 mang cá R-LINE làm từ hợp kim INOX cao cấp
Mang cá R-LINE thiết kế chữ nổi 3D
Phù hợp với mọi loại xe ô tô từ 4-7 chỗ
Sử dụng băng keo dính chắc chắn, không bong tróc
Màu sắc: Mang cá R-LINE gồm các màu: 
Màu Đen, Màu Đỏ, Màu Xanh dương

",109000,,"https://product.hstatic.net/2000
00163769/product/4._bo_2_mang_ca
_r-line_trang_tri_o_to_e81b9155fd224152
804cd418aa22c960_master.png",,,,,85bc4456-9b62-4f79-b101-b9068446e36e
31,"Nẹp Dán Vân Carbon Chống Trầy 
Xước Bảo Vệ Bậc Cửa Và Cốp Xe Ô Tô 
Full Các Hãng Xe","Bộ Nẹp dán vân carbon chống trầy xước gồm:
2 miếng cửa trước: 40 cm x 7 cm
2 miếng cửa sau: 60cm x 7cm
1 miếng cốp: 90 cm x 7cm
Chất liệu: Vân carbon
Nẹp dán vân carbon chống trầy xước 
sử dụng keo dán chắc chắn, dễ dàng sử dụng
Nẹp dán vân carbon chống trầy xước sử dụng 
cho bậc cửa xe ô tô, cốp xe ô tô
Nẹp dán vân carbon chống trầy xước full logo các hang xe: 
Huyndai, Honda, Toyota, Chevrolet, Ford, Kia, Hyundai, 
Mercedes, Mitsubishi, Sport, Vinfast, Audi, Nissan, 
Suzuki, Audi, Peogoet, Lexus, Mazda,…

",20000,,"https://product.hstatic.net/20000016
3769/product/5._nep_van_carbon_chong
_tray_xuoc_dan_bac_cua_va_cop_xe_o_to
_3c6b58c3075d4bb586eb0400b6ef40e0
_master.png",,,,,85bc4456-9b62-4f79-b101-b9068446e36e
32,"Keo Trợ Dính 3M 94 Primer 10Ml – 
Keo Hỗ Trợ Tăng Độ Dính 
Cho Băng Keo 2 Mặt, Hỗ Trợ Dán Phụ Kiện Xe","Sản phẩm là keo trợ dính cho băng keo 3M 2 mặt,không phải
là keo dính trực tiếp như keo con voi 502
",15000,,"https://product.hstatic.net/20000016376
9/product/tro_dinh_3m_ca662d50fad948
a484843e0be5bc5a1f_master.png",,,,,e89798f5-c584-43e4-b288-7ef01073a09a
33,"Máy Hút Bụi Kiêm Bơm Lốp Ô Tô DC12V 4 in 1 
– Hút Bụi, Bơm Lốp Ô Tô, Đèn Chiếu Sáng, 
Đo Áp Suất Lốp; Bảo Hành 6 Tháng","Tên sản phẩm: Máy hút bụi kiêm bơm lốp ô tô 4 in 1 
Khối lượng: ~1.5kg
Màu sắc: Trắng + Đen
Chất liệu: Nhựa ABS cao cấp
Công suất: 100W
Điện áp: 12V -  Tẩu sạc ô tô
Phụ kiện kèm theo máy: Đầu hút dài, Đầu hút chổi, 
Ống nối gia tăng thêm chiều dài dây hút
Ứng dụng: Hút bụi ô tô, Bơm lốp ô tô, 
Đèn chiếu sáng, Đo áp suất lốp ô tô

",349000,,"https://product.hstatic.net/200000163769
/product/3._may_hut_bui_kem_bom_lop_o_to_
081629f0b10e4f1e969019d1050a7ddf_master.jpg",,,,,16080802-db3f-4dc9-8965-3ddfdb6a676e
34,"Vệ Sinh Dàn Lạnh, Vệ Sinh Điều Hoà Ô Tô, 
Dung Dịch Vệ Sinh 3M Air Conditioner Cleaner Foam 
Dạng Bọt, Hàng Chính Hãng
","Tên sản phẩm: Dung dịch vệ sinh dàn lạnh, 
vệ sinh điều hoà ô tô, 
xe hơi 3M AIR CONDITIONER CLEANER FOAM 
Thương hiệu: 3M Mỹ 
Dạng chai: Chai xịt dạng bọt, có ống dẫn kèm theo 
Dung tích: 250ml 
Thành phần: Nước, Khí hoá lỏng, Tinh dầu cam, 
Hợp chất carbon Terpenes, Chất tạo nhũ tương 
Công dụng: Giúp làm sạch và khử mùi hệ thống điều hoà 
không khí trên ô tô 
Bộ sản phẩm bao gồm: 01 chai dung dịch vệ sinh dàn lạnh 
3M air conditioner cleaner foam và 01 ống dẫn 
Khuyến nghị: 20.000km nên vệ sinh 1 lần 
Lưu ý: 
Không để sản phẩm tại nơi có nhiệt độ cao 
Tránh để sản phẩm tiếp xúc với mắt 
Hạn sử dụng: 1 năm kể từ ngày sản xuất

",199000,,"https://product.hstatic.net/200000163769
/product/3.__ve_sinh_dan_lanh_o_to_3m_air
_conditioner_cleaner_57b8c8b1724a48178f
096b9b7f300bef_master.png",,,,,e89798f5-c584-43e4-b288-7ef01073a09a
35,"Tem Dán Ô Tô Discovery Chữ Nổi 3D 
Trang Trí Ô Tô, Xe Hơi, Tem Dán Trang Trí Ô Tô","Tên sản phẩm: Tem dán ô tô, xe hơi Discovery 3D 
Dạng chữ: Chữ Nổi 3D 
Chiều cao chữ: 3.5 cm 
Tỉ lệ chữ: 1 : 1 
Màu sắc: Đen, Bạc, Trắng, Vàng 
Chất liệu: Nhựa ABS cao cấp 
Hình thức dán: Băng keo 2 mặt chắc chắn
",79000,,"https://product.hstatic.net/200000163769
/product/13.__tem_dan_trang_tri_o_to_
discovery_757b794445ec43b093f8417f
d843828f_master.jpg",,,,,85bc4456-9b62-4f79-b101-b9068446e36e
36,"Đèn Led Gầm Ghế Ô Tô 4 Dải Đèn, 
Mỗi Dải 12 LED, Có Điều Khiển Cao Cấp","Tên sản phẩm: Đèn LED gầm ghế ô tô 
Sử dụng nguồn 12V (Đầu tẩu ô tô) hoặc dùng cổng USB 
Công suất: 10W 
Bộ sản phẩm bao gồm: 
01 hộp điều khiển kèm cảm biến 
01 điều khiển đèn (Remote) 
01 dây nguồn (Đầu tẩu hoặc cổng USB) 
04 dải đèn LED, mỗi dải 12 LED
",115000,,"https://product.hstatic.net/2000001637
69/product/den_led_gam_cong_tau_va_
usb_6038e1c46d404da6866393b0b1452
0b0_master.png",,,,,16080802-db3f-4dc9-8965-3ddfdb6a676e
37,"Hộp Đựng Giấy Ăn 3 Chức Năng Trên Ô Tô, 
Có Đồng Hồ Và Bảng Ghi Số Điện Thoại Để Taplo - 
Tặng 01 Túi Giấy Ăn Cao cấp","Tên sản phẩm: Hộp đựng giấy ăn trên ô tô, xe hơi 3 chức năng 
Kích thước (Dài x Rộng x Cao): 24 x 12.5 x 5 cm. 
Trọng lượng: 200gr 
Màu sắc: Đen - Chất liệu: Da, Nhựa cao cấp đính đá 
Bộ sản phẩm bao gồm: 
01 hộp đựng giấy ăn 
01 đồng hồ 
01 bảng ghi số điện thoại 
06 dãy số để thay số điện thoại 
01 túi khăn giấy cao cấp 
01 miếng đế dán silicone chống trơn trượt
",185000,,"https://product.hstatic.net/200000163769
/product/6.__hop_dung_khan_giay_o_to_899c
2c53c11e4c47a8a430ef889c89dc_master.jpg",,,,,85bc4456-9b62-4f79-b101-b9068446e36e
38,"Móc Treo Chìa Khóa Ô Tô, Xe Hơi, Xe Máy Cao Cấp 
JOBON ZB - 061A","Tên sản phẩm: Móc treo chìa khoá
Mã sản phẩm: Jobon 061A
Hãng sản xuất: JOBON 
Trọng lượng: 36g 
Kích thước: 
Dài 8,5cm x rộng 2.2cm. 
Đường kính vòng khóa to: 3cm. 
Đường kính vòng khoá nhỏ: 2.5cm
Vòng khóa khắc bằng công nghệ laze mới, sắc nét và tinh tế.
Màu sắc: Vàng đồng; Ghi Đen; Bạc Xám

",109000,,"https://product.hstatic.net/200000163769
/product/moc_treo_chia_khoa_d883377e096
84aef984e07a0196b9b30_master.png",,,,,85bc4456-9b62-4f79-b101-b9068446e36e
39,"Túi Than Tre Hoạt Tính 
Khử Mùi, Lọc Không Khí 
Treo Xe Ô Tô, Tủ Quần Áo - Than Tre Tự Nhiên 
Khử Mùi Ẩm Mốc","Nguyên liệu: 100% than tre hoạt tính 
Trọng lượng: 50g. 
Kích thước: 17 cm x 8.5 cm 
Màu sắc: Ghi 
KHUYẾN NGHỊ: Gói 50g sử dụng cho xe 4 chỗ, 
xe 7 chỗ nên sử dụng 2 túi.

",15000,,"https://product.hstatic.net/200000163769
/product/6._tui_than_tre_hoat_tinh_khu_mui_
0f3dccd1e81d4f6482e2cbc022555c73
_master.jpg",,,,,85bc4456-9b62-4f79-b101-b9068446e36e
40,"Xịt Dưỡng Bóng Da Và Đồ Nội Thất Oto 
FLAMINGO F096 - Hương Cà Phê","Tên sản phẩm: Xịt dưỡng bóng đồ da và nội thất ô tô 
Flamingo F096
Thương hiệu: Flamingo
Dung tích: 500ml
Hương: Cà phê
Thiết kế dạng chai xịt
Vị trí sử dụng: Đồ da, đồ nhựa, nội thất ô tô, nội thất gia đình

",85000,,"https://product.hstatic.net/200000163769
/product/xit_duong_bong_do_da_huong_ca_phe
_flamingo_f096__1__706cbcca601e428a9dbd7
a47f9ca00f1_master.png",,,,,e89798f5-c584-43e4-b288-7ef01073a09a
41,"Bộ Chổi Cọ Rửa Lốp Ô Tô, Cọ Rửa Vành Ô Tô, 
Mâm Ô Tô, Chổi Vệ Sinh Lốp Xe 
Ô Tô Chuyên Dụng Tay Cầm Chắc Chắn","Kích thước cọ lốp ô tô: 18x14x8cm 
Kích thước cọ vành ô tô: 25x7x12cm 
Công dụng: Cọ, rửa, làm sạch vành xe, lazăng xe ô tô/xe máy 
Công nghệ mới, thiết kế độc đáo là sản phẩm không thể thiếu 
trong chăm sóc và vệ sinh xe ô tô & xe máy 
Sử dụng chung với các sản phẩm khác như: Vòi xịt rửa xe, 
găng tay lau xe, chổi lau xe... dễ dàng làm sạch xe của mình 
ngay tại nhà mà không cần mang tới gara tốn kém! 
Làm sạch dọc theo vòng tròn vành và bánh xe. 
Nên dùng thêm ít xà phòng để hiệu quả làm sạch tốt hơn 
Cấu tạo nhựa : PP chất lượng cao, đẹp bền 
và thiết thực. - Màu sắc : xám

",23000,,"https://product.hstatic.net/200000163769
/product/9._choi_co_vanh_lop_o_to_1615
d9fc409345eeb73eb6c116a3d757
_master.png",,,,,e89798f5-c584-43e4-b288-7ef01073a09a
42,"Bộ 4 Nẹp Bước Chân Bằng Cao Su 
Chống Trơn Trượt, Chống Trầy Xước 
Bậc Cửa Lên Xuống Và 
Cốp Xe Ô Tô – Full Logo Các Hãng Xe
","Tên sản phẩm: Bộ nẹp bước chân và cốp xe ô tô
Chất liệu: Cao su chắc chắn, dày dặn, không mùi
Màu sắc: Đen – Viền Đỏ - Chữ Trắng + Đỏ
In logo các hãng xe ô tô
Trọng lượng cả bộ: 500gr
Kích thước: 
Miếng dài: 42mm x 445mm
Miếng ngắn: 42mm x 345mm
Phù hợp xe từ 4 – 7 chỗ
",99000,,"https://product.hstatic.net/200000163769
/product/toyota_-_nep_buoc_chan_cao_su_
6391d6be53e64047945c28b40a9cab
19_master.jpg",,,,,149a401d-01ed-4138-a4dc-731cf6836060
43,"Viên Sủi Rửa Kính Ô Tô, Tẩy Sạch Kính Ô Tô, 
Tạo Hiệu Ứng Lá Sen","Tên sản phẩm: Viên sủi rửa kính ô tô
Công dụng: Dùng để rửa kính ô tô, pha nước để rửa kính 
nội thất gia đình, văn phòng,...
Xuất xứ: Trung quốc
Khối lượng: 5gr
100% sinh học, thân thiện với môi trường
Trang bị sẵn trong ô tô, khỏi lỉnh kỉnh chai lọ.
Tan nhanh, không lắng cặn
Rửa kính siêu sạch, thách thức sương mù, váng dầu, bụi bẩn,...
Có hoạt chất bảo dưỡng cao su gạt mưa
",1000,,"https://product.hstatic.net/200000163769
/product/1._vien_sui_rua_kinh_o_to_07d865de
460d49f598b1c03a16590d47_master.jpg",,,,,e89798f5-c584-43e4-b288-7ef01073a09a
44,"Ví Da Đựng Đăng Kiểm, Giấy Tờ Ô Tô Cao Cấp 
Full Logo Các Hãng, Bóp Đựng Giấy Tờ Xe","Tên sản phẩm: Ví da đựng đăng kiểm ô tô
Xuất xứ: Việt Nam 
Kích thước: 13*18cm 
Chất liệu: Da 
Trọng lượng: 100gram
Thiết kế 3 ngăn
In logo các hãng xe: Toyota, Honda, Hyundai, Mazda, Ford, Kia, 
Kia mới, Mercedes, Mitsubishi, Nissan, Chevrolet, Vinfast, 
Suzuki, Isuzu, Peugeot, Lexus, Không logo

",29000,,"https://product.hstatic.net/200000163769
/product/vi_da_dung_dang_kiem_5e6fb524b
42e45379f61e1a3fdc7ecee_master.png",,,,,85bc4456-9b62-4f79-b101-b9068446e36e
45,"Bình Xịt Bọt Vệ Sinh Khử Mùi Hôi Điều Hòa Ô Tô 
Flamingo F020 500ml – Hàng Chính Hãng
","Tên sản phẩm: Xịt vệ sinh điều hoà ô tô Flamingo F020
Dung tích: 500ml
Thương hiệu: Flamingo
Thiết kệ dạng vòi xịt
",109000,,"https://product.hstatic.net/200000163769
/product/ve_sinh_dieu_hoa_flamingo_f020_
dbd7139866534d4d96182d38b68d3c
10_master.png",,,,,e89798f5-c584-43e4-b288-7ef01073a09a
46,"Quạt Máy Đôi Mini 12V Xoay 360 Độ Tiện Ích 
Trên Ô Tô, Xe Hơi Cao Cấp","1.Quạt 24V - Cổng Tẩu
Kích thước: 27 x 17 x 1180cm
Màu sắc: Đen Xanh
Sử dụng cổng tẩu ô tô đầu vào: 12V - 24V
Chất liệu: Nhựa ABS cao cấp
Thiết kế Xoay 360 độ
Có 2 mức độ quạt
1.1.Quạt Cổng USB
Kích thước: 22 x 15.5 x 6.5 cm
Độ dài dây: 140cm
Màu sắc: Đen Vàng
Sử dụng cổng USB đầu vào: 5V
Chất liệu: Nhựa ABS cao cấp
Thiết kế xoay 360 độ
Có 2 mức độ quạt



",139000,,"https://product.hstatic.net/200000163769
/product/9._quat_doi_mini_b38dee79bb674
c7b9b64cf7f66f02ecf_master.jpg",,,,,16080802-db3f-4dc9-8965-3ddfdb6a676e
47,"Găng Tay Bông Rửa Xe Chuyên Dụng Sợi 
Microfiber Mẫu 2 Cho Ô Tô Tiện Dụng 
Siêu Mịn, Siêu Thấm Hút","Găng tay rửa xe mẫu 2 cho ô tô gồm nhiều sợi xúc tu được 
làm từ chất liệu vải có độ mềm mịn cao, giúp dễ dàng len lỏi 
làm sạch từng chi tiết nhỏ nhất trên xe hay đồ dùng trong 
nhà mà không gây trầy xước, bong sơn. 
Bọt có kích thước nhỏ gọn 14 x 25 cm, thiết kế quai xỏ vừa 
bàn tay tạo sự thoải mái, tiện lợi khi làm vệ sinh.
Khả năng thấm hút nhanh, tạo bọt nhiều, có thể sử dụng ở 
cả bước rửa xà phòng và lau khô. 

",39000,,"https://product.hstatic.net/200000163769
/product/1._gang_tay_rua_xe_mau_2_8ea9
dbfbb5764e81b563f38ad0489ca1_master.jpg",,,,,e89798f5-c584-43e4-b288-7ef01073a09a
48,"Gạt Mưa Ô Tô - Gạt Mưa Bosch - Gạt Mưa 
Không Xương, Cao Su Tự Nhiên Cao Cấp","Kích thước gạt mưa bosch: Full đủ tất cả các kích thước cho 
các dòng xe từ 14inch đến 24inch 14” 
350mm 14” 
400mm 16”
450mm 18” 
500mm 20” 
550mm 22” 
600mm 24'' 
650MM 26''
Để biết thêm kích thước cho các dòng xe Toyota, Huyndai, 
Honda, Ford, Mazda quý khách vui lòng inbox 
để được tư vấn trực tiếp. 
LƯU Ý: Shop có để bảng tra kích thước chuẩn của các loại 
xe trên ảnh miêu tả sản phẩm Giá trên là giá 1 chiếc bạn 
mua 2 chiếc vui lòng chọn số lượng 2 chiếc. 
Ví dụ bạn tra bảng ra bộ 14 và 24inch. 
B1. Bạn chọn loại 16 ấn thêm giỏ hàng 
B2. Bạn ấn loại 24 bạn ấn mua và tiến hành thanh toán.

",79000,,"https://product.hstatic.net/200000163769
/product/gat_nuoc_mua_4_6157461764594335
96be58f62cedb81a_master.jpg",,,,,149a401d-01ed-4138-a4dc-731cf6836060
49,"Che Nắng Ô Tô Tự Dính Vào Kính Cửa 
Trước, Cửa Sau, Kính Lái Xe","Kích thước: 
Che tấm kính bên trước : 65 x 38 cm
Che tấm kính bên sau : 44 x 38 cm
Che kính lái: 100 x 50cm
Tấm che nắng tự dính dạng Film cách nhiệt nên sẽ mỏng 
( Giống như film cách nhiệt dán lên xe) nhưng độ hiệu 
quả về chống nắng rất cao.
Chất liệu tấm che nắng ô tô tự dính cao cấp chịu 
nhiệt bảo vệ nội thất xe bền mới

",49000,,"https://product.hstatic.net/200000163769
/product/1._che_nang_o_to_tu_dinh_43d69
d0a74b642d28d77c802dd8a9836_master.jpg",,,,,1fa4ee2b-be04-4227-b82b-ed20f9fc2c3a
50,"Tem Sport Mind Dán Xe Ô Tô - Tem Ô Tô 
Thể Thao Sport Mind","Kích thước: 35cm x 12cm 
Tem dán decal Sport mind prodeced by Sports có 6 màu: 
Đen – Đỏ 
Đỏ - Đen
Trắng - Vàng
Trắng – Đỏ 
Vàng – Đỏ 
Đỏ - Vàng
Được thiết kế bắt mắt, keo dính siêu bền, siêu chắc 
và chịu được lau rửa.",16000,,"https://product.hstatic.net/200000163769
/product/11._tem_sport_mind_trang_tri_xe_
o_to_7f7a9e51439e438caef17d6ed4111
7f8_master.jpg",,,,,85bc4456-9b62-4f79-b101-b9068446e36e
51,"Nẹp Chống Xước Bước Chân Cửa Xe Ô Tô, Xe Hơi 
Mạ Cacbon Cao Cấp – Bản Rộng 5cm, 7cm
","Tên sản phẩm: Nẹp Chống Xước Bước Chân Cửa Xe 
Ô Tô, Xe Hơi Mạ Cacbon Cao Cấp 
Màu Sắc : Viền đen 
Kích Thước: Bản 5cm và Bản 7cm 
Tạo điểm nhấn và bảo vệ bậc cửa xe 
Chống trầy xước phần sơn ngoài thành cửa. 
Chống trầy xước phần nhựa nhám trong thành cửa. 
Có thể sử dụng dán nhiều phần khác nữa trên ô tô 
Chất liệu Cao su phủ Carbon cao cấp, không bong, 
sáng bóng lâu dài. 
Sử dụng băng dính 3M dễ dàng lắp đặt và tháo ra 
nếu không sử dụng 
Chống xước – Làm đẹp – Bảo vệ Bước chân cửa xe như mới

",25000,,"https://product.hstatic.net/200000163769
/product/13._nep_carbon_chong_xuoc_o_
to_cca179132d604d02bad3042e9b01a62
4_master.png",,,,,85bc4456-9b62-4f79-b101-b9068446e36e
52,"Đệm Hơi, Giường Hơi Ô Tô Vải Dù Nhung 
Cao Cấp – Chân Đế Rời Tiện Dụng
","Tên sản phẩm: Đệm Hơi Xe Ô Tô
Đơn vị tính: Bộ 
Một bộ bao gồm: Túi đựng (1)+ Đệm hơi (1)+ 
Gối hơi (2) + Bơm điện (1) + Miếng vá dự phòng 
Kính thước: 135x85x45 cm 
Trọng lượng: 2.5kg 
Màu sắc: Kem, Đen, Xanh, Ghi
Chất liệu: Vải dù Nhung

",359000,,"https://product.hstatic.net/200000163769
/product/10._dem_nhung_hoi_o_to_d065acce
c480412cb9bc77b0fba32393_master.jpg",,,,,1fa4ee2b-be04-4227-b82b-ed20f9fc2c3a
53,"Móc Treo Chìa Khóa Có Logo Hãng Xe 
Cao Cấp Các Hãng Xe Ô Tô","Tên sản phẩm: Móc treo chìa khoá ô tô có logo các hãng xe ô tô 
Logo các hãng xe: Mazda, Toyota, Hyundai, Honda, 
Mercedes, Vinfast, Lexus, Vip, Chevrolet, 
Mitsubishi, Ford, Kia, Nissan, Suzuki,.... 
Kích thước: Dài x Rộng: 8cm x 2.2cm 
Khối lượng: 50g - Chất liệu: Da, Inox - Hợp kim chống gỉ

",45000,,"https://product.hstatic.net/200000163769
/product/toyota_3637d65372634859b87838e
2e875d758_master.jpg",,,,,85bc4456-9b62-4f79-b101-b9068446e36e
54,"Bộ Miếng Dán Chống Bám Nước 
Gương Chiếu Hậu Ô Tô","Kích thước: 
Miếng ovan dùng cho gương: 10  x 15cm
Miếng chữ nhật dùng cho cửa xe: 17 x 20cm
Công nghệ phủ nano tự động từ Nhật Bản, lớp micro nano 
liên kết chặt chẽ với nhau với mật độ cân bằng, khác với cách 
phủ bằng bình xịt cấu trúc nano không ổn định, dễ bị phá vỡ 
bằng các tác động bên ngoài.
Bên trong lớp phủ nano là các lớp vật liệu HD, PET tăng 
cường độ sáng cho gương, giảm chói từ đèn pha xe khác… 
giúp film giữ được chất lượng trong thời gian dài sử dụng.

",25000,,"https://product.hstatic.net/200000163769
/product/5._mieng_dan_chong_bam_nuoc_
dan_guong_chieu_hau_o_to_a95477fb4beb
47f79348962c9e43c363_master.jpg",,,,,e89798f5-c584-43e4-b288-7ef01073a09a
55,"Tinh Dầu Treo Xe Nguyên Chất 100% 
16 Loại Mùi Tuỳ Chọn, Khử Mùi Ô Tô, Tủ Quần Áo",,35000,,"https://product.hstatic.net/200000163769
/product/2.__tinh_dau_treo_xe_o_to_huong
_sa_df9e943f38664646bdcd0226b7af
d611_master.jpg",,,,,85bc4456-9b62-4f79-b101-b9068446e36e
56,"Bình Xịt Dưỡng Bóng Vỏ Lốp Ô Tô, 
Phục Hồi Nhựa Đen Lốp Xe Hơi 
FLAMINGO F010 500Ml
","Tên sản phẩm: Bình Xịt Dưỡng Bóng Vỏ Lốp Ô Tô, Phục Hồi 
Nhựa Đen Lốp Xe Hơi FLAMINGO F010
Thương hiệu: FLAMINGO
Dung tích: 500ml
Khối lượng: 500gr
Thiết kế dạng xịt tiện lợi, tiết kiệm, an toàn
Thành phần an toàn cho người sử dụng
Sử dụng cho lốp xe ô tô, lốp xe máy, vỏ lốp

",85000,,"https://product.hstatic.net/200000163769
/product/xit_duong_bong_lop_flamingo_
f010_dee961cd38d5476ebe785a7b0601
cee1_master.png",,,,,e89798f5-c584-43e4-b288-7ef01073a09a
57,"Găng Tay, Bao Tay San Hô Microfiber Chuyên Dụng 
Lau, Rửa Xe Ô Tô Siêu Mịn, Tiện Dụng","Lớp ngoài là những sợi vải microfiber siêu mềm mịn, 
giúp lau thật sạch bụi bẩn 
Thiết kế dạng găng tay, giúp người dùng thoải mái thao tác mà 
không sợ rơi hay tuột 
Giải phóng bàn tay khỏi việc phải cầm nắm, giảm cảm giác 
mỏi tay khi sử dụng liên tục 
Màu sắc lựa chọn ngẫu nhiên 
Tính năng : Dùng để lau rửa vệ sinh ô tô xe máy và các vật 
dụng trong gia đình, bảo vệ các vật dụng trong gia đình 
Kích Thước : Dài : 20cm, Rộng : 15cm 

",19000,,"https://product.hstatic.net/200000163769
/product/them_tieu_de_phu_ea1146339c21
4874b0f7a58f83c9454e_master.png",,,,,e89798f5-c584-43e4-b288-7ef01073a09a
58,"Cây Thông Thơm Cờ Mỹ Little Trees- Cao Cấp Khử 
Mùi, Treo Xe Ô Tô, Tủ Quần Áo, Bàn Làm Việc
",,15000,,"https://product.hstatic.net/200000163769
/product/la_thong_thom_khu_mui_9576122ab
ba64381954d8c69a52d6e76_master.png",,,,,85bc4456-9b62-4f79-b101-b9068446e36e
59,"Ăng Ten Vây Cá Mập Thu Sóng RADIO 
Dùng Cho Ô Tô","Kích thước: 17 * 7.5 * 6 (cm) 
Khối lượng: 180g 
Chất liệu: nhựa ABS, chịu được nhiệt độ cao, sơn 
tĩnh điện bóng, đẹp 
Màu sắc: Trắng - Đen - Bạc - Ghi - 
Xanh Dương- Vàng cát - Đỏ - Đỏ Đô

",59000,,"https://product.hstatic.net/200000163769
/product/13._ang_ten_vay_ca_map_b901
cae357b14f2eb1ec4971a1f70744_master.jpg",,,,,149a401d-01ed-4138-a4dc-731cf6836060
60,"Bọc Vô Lăng Cacbon Cao Cấp, 
Chống Trơn, Chống Trượt - Full Logo Các Hãng Xe
","
Phù hợp với xe từ 4-7 chỗ, đường kính vô lăng 37-38cm
Chất liệu Da - Carbon cao cấp
Cảm giác thật tay, thấm hút mồ hôi rất tốt
Full logo các hãng xe ô tô
Độ dày da: 5mm
Tên sản phẩm: Bọc vô lăng da carbon cao cấp
Đơn vị tính: Chiếc 
Kích thước: 37-38cm 
Độ dày: 5mm 
Trọng lượng: 800g… 
Màu sắc: Đen 
Chất liệu: Da thật + Vân Carbon 
Dòng sản phẩm: Bao, chụp, bọc bảo vệ vô lăng – 
tay lái ô tô xe hơi 
Xuất xứ: Hàng công ty chuẩn OEM 
Bọc vô lăng cao cấp này phù hợp với hầu hết xe 4 chỗ và 7 chỗ.


",129000,,"https://product.hstatic.net/200000163769
/product/boc_vo_lang_carbon_f58694a6ba7
448d7bc19584b5f05821f_master.png",,,,,85bc4456-9b62-4f79-b101-b9068446e36e
61,"Băng Keo 2 Mặt Trong Suốt Chất Liệu Acrylic 
Siêu Bám Dính Siêu Chắc Chắn Dài 10 mét","Tên sản phẩm: Băng dính 2 mặt, Băng keo 2 mặt

Màu sắc: Vỏ màu đỏ, băng dính trong suốt không màu

Độ dài: 3 mét, 10 mét, 30 mét

Bề rộng: 10mm

Chất liệu: Acrylic trong suốt

Ứng dụng: Đa năng, dùng để gắn trang trí ô tô, xe máy, 
dùng trong gia đình, văn phòng, học tập, vui chơi,...",15000,,"https://product.hstatic.net/200000163769
/product/bang_dinh_2_mat_db4fe82510e2
414e875cdf0ef43da247_master.png",,,,,e89798f5-c584-43e4-b288-7ef01073a09a
62,"Khăn Lau Xe Ô Tô 2 Lớp Dày Dặn, Mềm Mịn, 
Siêu Thấm Hút, Khăn Lau Đa Năng","- Khăn lau  chuyên dụng dùng để lau cabin, nội thất, kính hoặc 
bề mặt sơn... của xe ô tô mà không cần 
dùng hoặc dùng rất ít hóa chất làm sạch.
- Kết cấu sợi mềm đặc biệt giúp lau sạch bụi 
bẩn một cách tối đa mà không gây xước, 
không làm mất độ bóng của xe.",14000,,"https://product.hstatic.net/200000163769
/product/khan_lau_xe_2_lop_75e618594d94
4aeb8c912b744b2cc2ac_master.png",,,,,e89798f5-c584-43e4-b288-7ef01073a09a
63,"Bộ 4 Rèm Che Nắng Xe Ô Tô Chất Liệu 
Vải Cao Cấp, Gắn Nam Châm Thông Minh","Tên sản phẩm: Rèm che nắng xe ô tô
Vị trí sử dụng: Rèm che nắng sử dụng cho 4 cửa xe ô tô
Phù hợp với xe từ 4 - 7 chỗ
Chất liệu
Rèm: Vải Satin cao cấp
Thanh gắn: Nam châm có thể uốn dẻo
Bộ Rèm che nắng xe ô tô gồm 4 rèm, cho 4 cửa xe
Kích thước
2 tấm cửa sau: 45 x 60 (cm)
2 tấm cửa trước: 45 x 75 (cm)
Màu sắc: Đen , Xám Bạc , Kem
Khối lượng cả bộ: 800g
",159000,,"https://product.hstatic.net/200000163769
/product/rem_vai_che_nang_b8c96d6bc47
b4e40a669ff1b23c3f70e_master.png",,,,,1fa4ee2b-be04-4227-b82b-ed20f9fc2c3a
64,"Chốt Cài Dây An Toàn Ô TÔ Các Hãng Xe Cao Cấp, 
Đai Ngắt Chuông Ô Tô Full Logo Các Hãng Xe
","Chất liệu bằng thép nguyên khối cực bền chống rỉ, 
được bọc da rất sang trọng.  
Sử dụng phù hợp cho chốt an toàn trên tất cả 
các xe ô tô trên thị trường
Kích cỡ: Dài 8cm, rộng 4cm (Tính phần rộng nhất) 
Thiết kế chốt an toàn cài dây bảo hiểm cao cấp với 
logo hãng xe 3D nổi đẹp mắt giúp chiếc xe của bạn thêm 
đẳng cấp và khác biệt những chiếc xe ô tô khác. 

",39000,,"https://product.hstatic.net/200000163769
/product/o1cn01jqewq41oaqv
c4yas8___2212907305241-0-cib_a69c
b07583154c1ab99539c38b02b5e7_master.jpg",,,,,1fa4ee2b-be04-4227-b82b-ed20f9fc2c3a
65,"Dây Câu Bình Ắc Quy Ô Tô 2000AMP – 
Dài 4 Mét – Khởi Động Ắc Quy Xe Hơi Cao Cấp","Chiều dài: 4 mét
Kích thước sợi dây: Gồm 120 sợi đồng *  mỗi sợi 
0.25 mm * dây bọc dày 12 mm (120*0.25-12mm)
Tiết điện dây đồng lớn (12mm), đảm bảo đủ dòng 
điện khởi động cho các loại động cơ theo thiết kế
Chất liệu: Nhựa PVC cách điện tuyệt đối, an toàn 
khi sử dụng, không gây chập điện.
Công suất chịu tải lên tới 2000A, chịu tải tốt, có thể dùng cho 
mọi loại xe dưới 9 chỗ ngồi, xe tải
Có túi đựng và kẹp 2 đầu chắc chắn

",159000,,"https://product.hstatic.net/200000163769
/product/4._day_cau_binh_ac_quy_o_to_
10726121852c41f4bf062d84214c
6534_master.png
",,,,,149a401d-01ed-4138-a4dc-731cf6836060
66,"Bộ Lót Ghế Xe Ô Tô, Bọc Ghế Ô Tô, Tựa Lưng Và 
Tựa Đầu Liền Hạt Gỗ Thoáng Mát, Massage Êm Ái, 
Lót Ghế Hạt Gỗ Cao Cấp
","Tên sản phẩm: Bộ Lót ghế và tựa lưng ô tô hạt gỗ 
massage cao cấp cho văn phòng, xe hơi, 
xe khách, xe tải - Dạng Liền
Bộ sản phẩm bao gồm: 01 Lót ghế liền 01 Tựa lưng
Chất liệu: Da PU và các hạt gỗ massage thoáng khí, 
đường chỉ may hình quả trám sang trọng
Kích thước: Tấm lót ghế: dài 49cm x rộng 50cm, 
Tựa lưng: dài 63cm x rộng 46cm
Trọng lượng 1 bộ lót ghế tựa lưng ô tô hạt gỗ: 1,7kg
Phù hợp: Với tất cả các dòng xe ô tô, ghế chỉnh cơ hay 
chỉnh điện điều sử dụng được
Màu sắc: Đỏ, Nâu, Kem
Thích hợp: Dùng cho cả 4 mùa

",359000,,"https://product.hstatic.net/200000163769
/product/lot_ghe_lien_hat_go_224505b5
3d7b4f09a4eb482891ab77bb_master.png",,,,,85bc4456-9b62-4f79-b101-b9068446e36e
67,"Tẩu Sạc Ô tô, Bộ Tẩu Sạc Xe Hơi PUGAN + Dây Sạc, 
Dùng Nguồn 12V-24V, Sạc Điện Thoại, 
Camera Hình Trình, Máy Hút Bụi,...
","Đầu vào (Input):  DC 12 – 24V
Đầu ra (Output): DC 5V – 4.8A - 6A, phù hợp 
với các thiết bị điện tử
Hỗ trợ sạc nhanh 6A
Kích thước: 11 x 3.3 x 4.5 cm
Trọng lượng: 120g
Vật liệu: Nhựa ABS chống cháy
Màu sắc: Đen, Đỏ, Vàng Đồng, Bạc, Xanh
Có 3 đầu sạc, 2 cổng USB

",119000,,"https://product.hstatic.net/200000163769
/product/tau_sac_nhanh_pugan_qc_3.0_
306ce4019977440d8a8ea62c9d558
c87_master.png",,,,,16080802-db3f-4dc9-8965-3ddfdb6a676e
68,"Thùng Đựng Đồ Để Cốp Xe Ô Tô Có Thể Gấp Gọn - 
Dung Tích 56 Lít
","Chất liệu: Nhựa ABS nguyên khối chất lượng cao chịu lực lên 
đến 60kg, thân thiện với môi trường, độ bền cao. 
Các nếp gấp của thùng đựng đồ được gia cố chắc chắn.
Có tay cầm hình vòng cung, đẩy kéo thoải mái, tránh va 
đập mạnh, dễ di chuyển. Thiết kế của thùng đựng đồ ô tô giúp 
tăng độ ma sát, chống trượt chống mài mòn.
Trọng lượng: 2.3kg
Dung tích: 56 lit, 30 lít và 40 lít
",199000,,"https://product.hstatic.net/200000163769
/product/thung_30_lit_90dba6fb897f481daa
1ea57a6f7f23bd_master.png",,,,,149a401d-01ed-4138-a4dc-731cf6836060
69,"(Tặng tinh dầu) Túi Hạt Cà Phê Treo Xe Ô Tô, 
Tủ Quần Áo, Treo Trong Nhà, Tinh Dầu Treo Xe Ô Tô","Khử mùi xe ô tô tạo mùi thơm
Khử mùi tủ quần áo, phòng khách
Giảm thiểu hiện tượng say xe khi sử dụng trong cabin ô tô.
Tạo mùi thơm dễ chịu trong không gian kín, giúp tinh thần 
thư thái, sảng khoái, Giải toả căng thẳng mệt mỏi.
An toàn và thân thiện với môi trường, vượt trội hơn hẳn túi thơm 
sử dụng hóa chất có trên thị trường.
Là vật dụng trang trí độc đáo, dễ thương.

",65000,,"https://product.hstatic.net/200000163769
/product/tui_hat_ca_phe_treo_xe_d596861
1acb04144bf9482dc066cc113_master.png",,,,,85bc4456-9b62-4f79-b101-b9068446e36e
70,"Bọc Vô Lăng Da, Bọc Tay Lái Ô Tô Chất Liệu Da 
Cao Cấp - Thấm Hút Mồ Hôi Tốt - Đủ Màu - 
Phù Hợp Tất Cả Loại Xe
","Bọc vô lăng có chất liệu da dày dặn, bền chắc, 
mềm mại và có tính đàn hồi tốt
Kích thước tiêu chuẩn: Đường kính bọc vô lăng 37 - 38cm, 
phù hợp với hầu hết các loại xe hơi hiện nay
Độ bám tay tốt, tính chân thật cao, thấm hút mồ hôi tốt, 
đảm bảo an toàn khi đi xe đường dài
Đường may tỉ mỉ, chắc chắn và dễ dàng tháo lắp
Bảo vệ vô lăng, tránh trầy xước, tác động của ánh nắng trực tiếp, 
tăng tính thẩm mỹ cho ô tô
Có nhiều màu sắc cho bạn lựa chọn",65000,,"https://product.hstatic.net/200000163769
/product/boc_vo_lang_da_5a289bb229e941
dba2c82e295c11f3bf_master.png",,,,,85bc4456-9b62-4f79-b101-b9068446e36e
71,"BÌNH XỊT TẨY NHỰA ĐƯỜNG, 
BĂNG KEO FLAMINGO F012 450ML","Có tác dụng: Tẩy nhựa đường, băng keo. 
Tẩy các vết ố trên lốp, mâm xe, bề mặt sơn xe . 
Mang lại bề mặt sáng bóng như mới.
Dung tích bình: 450ml
Thương hiệu: Flamingo
",85000,,"https://product.hstatic.net/200000163769
/product/tay_nhua_duong__bang_keo_
flamingo_f012_a0b79ad839ad4adf9542
b34b9c574668_master.png",,,,,e89798f5-c584-43e4-b288-7ef01073a09a
72,"Bình Xịt Tẩy Vệ Sinh Nội Thất Ô Tô, 
Nội Thất Gia Đình FLAMINGO F002","Tên: Bình xịt tẩy nội thất FLAMINGO F002.
Dung tích bình: 650ML.
Phần nắp chai của bình xịt tẩy Flamingo còn được 
thiết kế thêm 1 chiếc bàn chải tiện dụng.
Làm sáng nội thất ô tô, diệt khuẩn, đem lại mùi hương dễ chịu.
Sử dụng các thành phần an toàn tuyệt đối cho người dùng.
Dùng cho ô tô: Làm sạch da, nỉ, taplo, nội thất ô tô.
Dùng cho nhà: Làm sạch các thiết bị, nội thất gia đình.",49000,,"https://product.hstatic.net/200000163769
/product/4._xit_tay_ve_sinh_do_da_flami
ngo_f002_508f1d5ff87a42dcb8c6
5971d1c38205_master.jpg",,,,,e89798f5-c584-43e4-b288-7ef01073a09a
73,"Rèm Che Nắng Kính Lái Ô Tô Tự Cuốn Cao Cấp","Che phủ toàn bộ kính lái ô tô.
Chất liệu vải  tráng nhôm xếp gấp rất gọn nhẹ, 
tự động thu gọn khi không sử dụng.
Chất liệu xe cao cấp, chịu được nắng và mưa.
Hạn chế sự hắt ánh nắng, tạo sự dịu mát trong xe và 
bảo vệ nội thất ít bị bạc màu.
Thích hợp các dòng xe 4 chỗ, 7 chỗ.
Thiết kế hiện đại, gọn gàng.
Kích thước: 65 * 130 (cm)

",155000,,"https://product.hstatic.net/200000163769
/product/rem_che_nang_kinh_lai_o_to_tu_
cuon_cao_cap_5_afdb8efe95df4629a0
56a6de81f75a51_master.jpg",,,,,1fa4ee2b-be04-4227-b82b-ed20f9fc2c3a
74,"Máy Hút Bụi Mini Cầm Tay Ô Tô, Máy Hút Bụi 
Xe Hơi - Máy Hút Bụi Có Dây, 
Máy Hút Bụi Không Dây","Công nghệ lọc bụi bẩn 4 lớp, tạo không khí trong lành, 
thoải mái và dễ chịu hơn.
Máy hút bụi có thiết kế nhỏ gọn, cứng cáp với chất liệu 
nhựa ABS sơn đen bóng sang trọng.
Trang bị đèn LED để chiếu sáng các góc khuất trong xe.
Màng lọc ngăn cản mọi bụi bẩn kích thước nhỏ 
dễ dàng tháo lắp và vệ sinh.
Có chế độ sạc Pin tiện lợi
Có nhiều loại đầu ống hút cùng dây nguồn dài 5M.

",179000,,"https://product.hstatic.net/200000163769
/product/14._may_hut_bui_cam_tay_mini_
su_dung_tren_o_to_89c314df657f4185b93
b12c6765c24d1_master.png",,,,,16080802-db3f-4dc9-8965-3ddfdb6a676e
75,"Khay Đựng Đồ Cắm Khe Ghế Ô Tô, 
Khay Đựng Đồ Đa Năng Dùng Trên Xe Ô Tô
","Khay đựng đồ ô tô giúp bạn tận dụng hợp lý khoảng 
trống giữ hộp số và ghế trước để đựng đồ gọn gàng
Khay đựng đồ được chia ngăn khoa học, để đồ đạc, 
nước uống, điện thoại cực kì tiện ích
Chất liệu nhựa cứng cáp, không mùi, bền đẹp
Thiết kế chắc chắn, không bị xê dịch khi xe di chuyển
Phù hợp với tất cả các dòng xe
Khay đựng đồ ô tô có nhiều lựa chọn màu sắc (Đen - Be - Nâu), 
tùy thuộc sở thích và cá tính mỗi người dùng

",79000,,"https://product.hstatic.net/200000163769
/product/khay_dung_do_cam_khe_ghe_c
230fc65e1e645b1b56c183bbb3
0dc77_master.png",,,,,85bc4456-9b62-4f79-b101-b9068446e36e
76,"Chổi Lau Bụi Nội Thất Xe Hơi Sợi Dầu, 
Cán Co Rút Tiện Lợi","Chất liệu sợi quang dầu polime tổng hợp chắc chắn, bền bỉ.
Cán chổi kim loại điều chỉnh được độ dài.
Đa tính năng: vệ sinh, lau chùi xe, đồ dùng trong nhà....
Tay cầm êm ái, chống trơn trượt.
Kiểu dáng hiện đại, ngọn nhẹ, tiện dụng.
Kích thước: 56x14x10 (dài x rộng x cao); Màu sắc: Xám.
Màu : Ghi xám
Sợi quang dầu Polime tổng hợp cao cấp, ĐỘ BỀN CAO
Tổng trọng lượng :400gram
Cán chổi kim loại điều chỉnh được độ dài có thể kéo dài hoặc 
thu gọn theo nhu cầu sử dụn, rất tiện lợi, giúp cho 
công việc lau chùi xe trở nên dễ dàng hơn.
Sử dụng được trong nhiều không gian khác nhau : 
vệ sinh, lau chùi xe, đồ dùng trong nhà.... 
Dùng để lau rửa vệ sinh xe
Với kích thước nhỏ gọn, tay cầm êm ái, chống trơn trượt, 
bạn có thể cất gọn trên xe và mang theo 
bất cứ đâu để sử dụng khi cần.

",69000,,"https://product.hstatic.net/200000163769
/product/10._choi_lau_bui_o_to_af5e61e1
54f0461c8733617bf5d2b1e4_master.jpg",,,,,e89798f5-c584-43e4-b288-7ef01073a09a
77,Giá Đỡ Điện Thoại Kẹp Cửa Gió Ô tô,"Thiết kế tính năng khóa/ mở và điều chỉnh kích thước tự động.
Chất liệu nhựa cao cấp
Phù hợp với nhiều loại điện thoại khác nhau với 
kích thước màn hình từ 4″ đến 6.5″.
Thiết kế thông minh với 2 càng và phần chân đế 
ôm sát điện thoại,
giúp cố định điện thoại  chắc chắn khi xe di chuyển cả trên 
những địa hình phức tạp.
Công tắc và gắn chặt đế lên bề mặt tiếp xúc 
bằng công tắc áp suất và đế hút chân không.

",25000,,"https://product.hstatic.net/200000163769
/product/1._gia-do-dien-thoai-kep-cua-gio-
oto_6e9105f1001f40cd9c8d4260482
7d8d7_master.png",,,,,16080802-db3f-4dc9-8965-3ddfdb6a676e
78,"(Đủ Mẫu) Giá Đỡ Điện Thoại, Kẹp Điện Thoại Xoay 
360 Dùng Trong Xe Ôtô Chắc Chắn Kiểu 
Giáng Sang Trọng Chuẩn Loại A1","Thiết kế nhỏ gọn, tinh xảo phù hợp với hầu hầu hết các 
dòng Smartphone trên thị trường.
Có thể kéo dài thu ngắn, xoay đủ tư thế 
360 độ cho vừa tầm mắt nhất.
Phần đế được thiết kế hút chân không cực kỳ chắc chắn, 
có thể tháo rời khi ko dùng đến.
Kẹp có tấm đệm lót mềm đảm bảo điện thoại không bị rơi, 
rung động khi xe di chuyển.
Có thể kẹp các thiết bị khác như: thiết bị định vị GPS; 
camera hành trình.

",69000,,"https://product.hstatic.net/200000163769
/product/s2bf291804a774bfdbeb66d3ce4
2b7d6ew.jpg_720x720q80_9d1d2e968e4b4
f1a881f7d2e1bc4e96b_master.jpg",,,,,16080802-db3f-4dc9-8965-3ddfdb6a676e
79,"(Đủ Mẫu) Bảng Ghi Số Điện Thoại Ô Tô Khi Dừng 
Đỗ - Thẻ Ghi Số Điện Thoại Ô Tô Khi Dừng Đỗ
","Giúp bạn có thể dễ dàng để lại số điện thoại của mình trên ô tô.
Có thể thay đổi số điện thoại khi bạn đổi số.
Nhỏ gọn, không gây ảnh hưởng đến tầm nhìn.
Màu sắc của chữ số nổi bật
Có thể hiện hay ẩn số điện thoại khi không cần thiết.
Mặt sau được cố định bằng băng dính 2 mặt cực 
chắc chắn để gắn trên mặt taplo.

",15000,,"https://product.hstatic.net/200000163769
/product/bang_ghi_so_dien_thoai_95a5bb
c91a014768b7137212dd9ad6f9_master.png",,,,,1fa4ee2b-be04-4227-b82b-ed20f9fc2c3a
80,"(Đủ Mẫu) Gương Cầu Lồi Gắn Kính Hậu 
Ô tô Xoay 360 Xóa Điểm Mù","Giúp tăng khả năng quan sát xóa điểm mù mà gương 
chiếu hậu không quan sát được.
Có thể điều chỉnh xoay đổi góc nghiêng 360 độ cho 
phù hợp với mục đích quan sát.
An toàn hơn khi lái xe.
Kích Thước :5.0 (cm).
Trọng Lượng :48g.
Chất liệu :Thủy tinh TRÁNG GƯƠNG cao cấp

",39000,,"https://product.hstatic.net/200000163769
/product/guong_cau_loi_gan_kinh_chieu_
hau_03afe02176a944d0bcbc740a5d4c93
9d_master.png",,,,,1fa4ee2b-be04-4227-b82b-ed20f9fc2c3a
81,"Bạt Phủ Nửa Xe Ô Tô, Bạt Che Nóc Xe Hơi 3 
Lớp Chống Nóng, Chống Xước, Chống
","Mặt ngoài là lớp vải tráng PECA chịu nhiệt, chống thấm, dai & 
chắc giúp chống nắng, chống thấm nước, 
chống bám bụi hiệu quả.
Lớp trong PECA lót bông mềm mại không làm trầy xước 
khi chà xát với sơn xe.
Bạt thiết kế có TAI GƯƠNG, bo chun 2 đầu cùng các dây đai, 
an toàn giúp bạt luôn ôm sát vào thân xe.
Các dải PHẢN QUANG giúp có thể nhận thấy 
xe của bạn trong đêm.
Có khả năng giảm nhiệt độ cho ô tô từ 20 – 30 độ C 
so với khi không phủ bạt.

",229000,,"https://product.hstatic.net/200000163769
/product/bat_phu_nua_xe_o_to_a4d796b81
3b545f2b8ae0b69aa81dd19_master.png",,,,,149a401d-01ed-4138-a4dc-731cf6836060
82,Ô Che Nắng Kính Lái Xe Ô Tô Cao Cấp,"Thiết kế hình dạng chiếc ô dễ hàng đóng mở, gập gọn.
Kích thước: 80cm * 140cm - thích hợp cho hầu hết 
các mẫu xe trên thị trường.
Chiều dài tay cầm ô: cỡ lớn (thu gọn 32cm mở rộng 40cm).
Cán ô và 10 thanh nan làm từ thép sơn tĩnh điện, 
chống đỡ mạnh mẽ.
NGĂN CHẶN 99% TIA CỰC TÍM. Thiết kế cấu trúc võng xuống 
và lớp phủ bạc titan tạo nên hiệu ứng phản xạ 
lại tia tử ngoại và nhiệt.
Có 2 lớp nhôm phản quang và vải dù đen có thể sử dụng 
2 chức năng trong 1: vừa là tấm che nắng xe hơi, 
vừa là ô che nắng mưa thông thường. Chống thấm nước 100%

",159000,,"https://product.hstatic.net/200000163769
/product/8._o_che_nang_kinh_lai_o_to_9153
c67f7e0b4348b931f82e09deb81b_master.jpg",,,,,1fa4ee2b-be04-4227-b82b-ed20f9fc2c3a
83,"TẤM CHẮN NẮNG XE Ô TÔ - CHE NẮNG 
KÍNH LÁI CHẤT LIỆU XỐP PHỦ BẠC
","Cấu tạo xốp 3D chắn nắng, chống tia UV, tia cực tím.
Chất liệu giấy nhôm 3D chống nóng và cách nhiệt tối ưu cho xe.
Không thấm nước.
Siêu bền, thoải mái sử dụng và co giãn không lo bị rách, xước, 
rất dễ gấp lại cất khi không sử dụng.
Kích thước: 130x60 (cm) - phủ kín kính lái, phù hợp mọi loại xe.
Có giác hút cao su cố định với mặt kính và dây treo.",49000,,"https://product.hstatic.net/200000163769
/product/chan_nang_kinh_lai_ben_trong_2
b01bf88bef043c998762cbbd510dae
7_master.png",,,,,1fa4ee2b-be04-4227-b82b-ed20f9fc2c3a
84,"Phụ Gia Pha Dầu Làm Sạch Buồng Đốt Động 
Cơ Xe 
Diesel - MEGA DAYA DIESEL CONDITIONER - 
170 Ml
","Giúp làm sạch hệ thống dẫn và phun nhiên liệu, bộ lọc, 
bơm cao áp, kim phun, buồng đốt động cơ.
Giúp đốt cháy triệt để hoàn toàn nhiên liệu.
Giảm khói đen từ ống xả khí thải.
Giảm ma sát và tăng cường sức mạnh động cơ.
Giảm tiêu hao nhiên liệu.
Sử dụng được với tất cả các loại nhiên liệu dầu Diesel 
và dầu Diesel sinh học.

",195000,,"https://product.hstatic.net/200000163769
/product/80ad21aa98618a9544ed0c6faa05
c91c_6b91064599724a40b8dec1bc6fab2
ccf_master.jpg",,,,,6c0733f6-3439-4386-a64f-ebe34d04eead
85,"Phụ Gia Vệ Sinh Buồng Đốt Xe Máy Mega 
Daya Benzene Fuel 
Conditioner For Motorcycle (60ml)
","Giúp làm sạch hệ thống phun xăng , bộ chế hòa khí, 
buồng đốt và đầu kim phun.
Giúp làm tăng hiệu suất động cơ, động cơ hoạt động 
êm ái và mạnh mẽ hơn.
Giúp ngăn chặn và giảm sự tích tụ cặn bẩn trong buồng đốt , 
đỉnh Piston, nắp xupap.
Giúp đốt cháy triệt để, giảm khí thải ô nhiễm.
Giảm hao phí nhiên liệu.
Giảm độ ma sát đối với động cơ sử dụng xăng sinh học E5.
Sử dụng được với xăng A92, A95 và xăng sinh học E5.

",65000,,"https://product.hstatic.net/200000163769
/product/ve_sinh_buong_dot_thai_lan_nhap_
khau_2.u2409.d20170717.t161734.937173
_5f92f8771bf94906a9f7f0f91cecfa05
_master.jpg",,,,,6c0733f6-3439-4386-a64f-ebe34d04eead
86,"Phụ Gia Làm Sạch Buồng Đốt Xe Hơi 
Mega Daya Benzene Fuel Booster 120ml
","Giúp làm sạch hệ thống phun xăng, kim phun , 
buồng đốt động cơ.
Giúp làm tăng hiệu suất động cơ , 
động cơ hoạt động êm ái và mạnh mẽ hơn.
Giúp ngăn chặn và giảm sự tích tụ cặn bẩn.
Giúp động cơ chạy trơn tru hơn, đặc biệt khi khởi động nguội.
Phục hồi lại sức mạnh đã mất, giúp tiết kiệm nhiên liệu.
Giảm độ ma sát đối với động cơ.
Sử dụng với xăng A92, A95 và xăng sinh học E5.

",185000,,"https://product.hstatic.net/200000163769
/product/1.u2409.d20170717.t172253.3935
77_3724dc45e5c14127bfe463519eb2
520f_master.jpg",,,,,6c0733f6-3439-4386-a64f-ebe34d04eead
87,"BẠT PHỦ Ô TÔ VẢI DÙ OXFORD CHE NẮNG, 
CHỐNG NÓNG, CHỐNG XƯỚC, 
CHỐNG MƯA CAO CẤP
","Bạt Phủ Ô Tô được làm từ chất liệu vải dù 
Polyester Oxford Fabric bọc tráng nhôm.
Được cấu tạo từ 3 lớp chất liệu cao cấp
Mặt ngoài Bạt Che Ô Tô là lớp vải dù Oxford 
tráng bạc chịu nhiệt, chống thấm, dai & chắc.
Lớp trong lót bông mềm mại không làm trầy xước 
khi chà xát với sơn xe.
Thiết kế có tai gương, Bạt Phủ Ô Tô có bo chun ở các góc, 
giúp cố định 2 đầu cùng các dây đai.
Khóa kéo ở cửa tiện lợi, có thể mở cửa xe ô tô khi 
cần thiết mà không cần phải tháo bạt ra.
Phù hợp với tất cả các dòng xe 4 đến 7 chỗ.

Nắng nóng là tác nhân gây hại lớn nhất đến chiếc ô tô của bạn. 
Nắng nóng ảnh hưởng trực tiếp đến lớp sơn xe, làm hỏng taplo. 
Không những thế, ánh nắng còn khiến nội thất và 
đồ điện tử nhanh xuống cấp.
Việc thường xuyên phải đỗ xe ở ngoài trời hay kể cả trong 
gara đều là những nguyên nhân tàn phá chiếc xe hơi của
 bạn một cách nhanh nhất. 
Tất nhiên, những điều này là không ai mong muốn xảy ra với 
xế yêu của mình. Vì vậy việc có trong tay một chiếc BẠT PHỦ 
Ô TÔ VẢI DÙ OXFORD CHE NẮNG, CHỐNG NÓNG, CHỐNG 
XƯỚC, CHỐNG MƯA CAO CẤP là điều cần thiết cho 
chiếc xế yêu của bạn.


",359000,,"https://product.hstatic.net/200000163769
/product
/bat_phu_o_to_3_lop_vai_du_oxford_2849c7
148b5147ac9431e2ab4163e4e8_master.png",,,,,149a401d-01ed-4138-a4dc-731cf6836060
88,TẤM LƯỚI TỰA LƯNG GHẾ Ô TÔ HẠT GỖ,"Chất liệu : Thép bọc lưới hạt gỗ.
Kích thước: 39cm x 41cm.
Có tính đàn hồi, chịu lực, thoáng khí giảm nóng 
khi ngồi trên ô tô
Tạo dáng ngồi thẳng ngay ngắn và thoải mái.
Giúp giảm căng thẳng, nhức mỏi phần lưng cổ.
Phù hợp với ghế ngồi văn phòng, ngồi tại nhà, ngồi học.

",89000,,"https://product.hstatic.net/200000163769
/product/tua_lung_hat_go_0eb0dee5299d4a
a7bb863b2881ec66fe_master.png",,,,,85bc4456-9b62-4f79-b101-b9068446e36e
89,"Bộ 4 Tấm Che Nắng Ô Tô - Tấm Chắn Nắng Ô Tô, 
Hút Kính Chân Không Chắc Chắn, 
Tráng Nhôm Cách Nhiệt Phản Quang
","Chất liệu: Xốp cách nhiệt tráng bạc dày dặn.
Kích thước (cm):  42 x 38.
Có núm hút cố định chắc chắn tấm chắn nắng.
Lớp tráng bạc sẽ giúp phản chiếu lại các tia cực tím.
Giúp làm giảm nhiệt độ hấp thụ vào bên trong xe.
Chống lóa mắt và khó chịu khi ngồi trong xe dưới trời nắng.
",29000,,"https://product.hstatic.net/200000163769
/product/6._tam_chan_nang_tron_xop_8b
e2cb1d2d1747ac9ac1734dd249d616_
master.jpeg",,,,,1fa4ee2b-be04-4227-b82b-ed20f9fc2c3a
90,"TẤM CHẮN NẮNG, CHỐNG NẮNG NGOÀI KÍNH 
LÁI Ô TÔ 3 LỚP, TRÁNG BẠC","Kích thước 144,5 x 101cm, cấu tạo 3 lớp
Lớp ngoài chất liệu 3D tráng nhôm phản quang, 
chắn nắng cực kỳ hiệu quả.
Bông có tác dụng giảm nhiệt do ánh nắng.
Vải nỉ đen mềm giúp giảm ma sát lên kính.
Cản nắng và không hấp thụ nhiệt giúp bảo vệ nội thất xe, 
đặc biệt là taplo xe.
Giúp giảm nhiệt hiệu quả, giảm chi phí tiêu thụ năng lượng 
khi mở điều hòa, chạy máy làm mát.

",89000,,"https://product.hstatic.net/200000163769
/product/_chan_nang_kinh_lai_o_to_b10
bdef73a6a4f9a909c267066408f6f_master.png",,,,,1fa4ee2b-be04-4227-b82b-ed20f9fc2c3a
91,"CHAI XỊT CHỐNG CHUỘT Ô TÔ CHÍNH HÃNG 
3M RODENT REPELLANT COATING","Hàng chính hãng có VAT
Hiệu quả 100% ở tất cả các vị trí xe
Công dụng kéo dài đến 6 tháng
Ứng dụng các vị trí trên xe: khoang máy, gầm, hốc bánh, cốp xe
3M là tên viết tắt của Công ty Sản xuất và Khai khoáng Minnesota 
(Minnesota Mining and Manufacturing Company). Thành lập từ 
năm 1902 tại Mỹ, 3M hoạt động trong nhiều lĩnh vực khác nhau 
như hàng tiêu dùng, văn phòng phẩm, điện, viễn thông, 
sản phẩm công nghiệp, sản phẩm phục vụ trong ngành vận tải, 
chăm sóc sức khỏe và bảo hộ lao động. Với 
hơn 55,000 thành phẩm được phân phối rộng rãi trên 
200 quốc gia, 3M luôn sẵn sàng đưa ra các giải pháp theo 
yêu cầu khách hàng, góp phần bảo vệ sức khỏe và cuộc sống 
người lao động.Chai xịt chống chuột 
3M Rodent Repellant Coating 250g và Chitian:

",280000,,"https://product.hstatic.net/200000163769
/product/anh1_d451dfc670cf40079ad57
a8680d06fc4_master.png",,,,,e89798f5-c584-43e4-b288-7ef01073a09a
92,"Bộ 2 Móc Treo Đồ Sau Ghế Ô Tô, 
Móc Treo Đồ Chữ S Gài Ghế Ô Tô","Có thể chịu được sức nặng đến 8kg.
Làm từ chất liệu nhựa ABS rất chắc chắn, có độ bền cao.
Dễ dàng lắp đặt, tháo lắp trong 30s, không cần 
phải tháo rời ghế tựa đầu.
Phù hợp với hầu hết các dòng xe hiện nay.
Thiết kế nhỏ gọn, đẹp mắt và có thể gấp gọn khi không sử dụng.
Kích thước: 218 x70 x33 (mm); trọng lượng: 120g.
Tăng mỹ quan và tính năng sử dụng trên xe.
Tên sản phẩm: Bộ 02 Móc treo đồ gài trên ghế ô tô
Chất liệu: Nhựa ABS - Chắc chắn, có độ bền ca
Kích thước: 218 x 70 x 33 (mm)
Trọng lượng: 120g
Thiết kế nhỏ gọn,có thể gấp gọn khi không sử dụng
Khả năng chịu lực: 10kg 
Công dụng: Dùng để treo đồ dùng trên ô tô


",39000,,"https://product.hstatic.net/200000163769
/product/9._moc_treo_do_sau_ghe_o_to_
10a1d49c0abc452a919ac3415e232808_
master.jpg",,,,,85bc4456-9b62-4f79-b101-b9068446e36e
93,"Tẩu Sạc Ô Tô, Xe Hơi HYUNDAI HY10, 
Tẩu Sạc Nhanh Ô Tô Có 3 Cổng USB, 
1 Tẩu Sạc, Điện Áp 4.8A","Nhỏ gọn, tiện lợi
Có thể cắm điện 12V trên xe con cũng như điện 24V 
trên xe tải lớn.
Có 3 cổng USB: Sạc nhanh Quick 3.0 với điện áp 
3.1A lớn hiện nay
Có 1 cổng tẩu chia ra giúp bạn cắm các thiết bị 
như camera, hút bụi, lọc không khí,..
Có đèn LED theo dõi điện áp Ắc-quy xe 
và dòng sạc thiết bị
Thích hợp mọi loại xe

",199000,,"https://product.hstatic.net/200000163769
/product/1._tau_sac_nhanh_hyundai_hy10
_2ad1ea0237014b90bcdb4242888ab5f4
_master.png",,,,,16080802-db3f-4dc9-8965-3ddfdb6a676e
94,"Bơm Lốp Ô Tô AIKESI, Bơm Hơi Ô Tô 
Điện Tử Tự Động Ngắt AIKESI","Thiết kế nhỏ gọn, tính di động cao.
Có cảm biến áp suất hơi, khi cài đặt số cân bơm 
sẽ tự ngắt khi đủ cân
Tích hợp tẩu sạc 3mét đảm bảo bơm đủ 4 bánh, 
điện áp 12V, Công suất: 120W. 
Bơm đa năng dùng để bơm lốp ô tô, xe máy, xe đạp, 
nệm hơi đều rất phù hợp và đơn giản.
Lưu lượng áp suất không khí: 35L/phút.
Kích thước (cm): 19,8  x 16,4 x 8 
Bảo hành: 06 tháng
",399000,,"https://product.hstatic.net/200000163769
/product/13._bom_lop_o_to_aikesi_9dc
053305c484353a0f0406371c50237
_master.jpg",,,,,16080802-db3f-4dc9-8965-3ddfdb6a676e
95,"BẠT PHỦ Ô TÔ 3 LỚP CHỐNG XƯỚC, 
CHỐNG NẮNG, CHỐNG CHÁY CHO Ô TÔ
","Thiết kế 3 lớp cao cấp, tráng nhôm cách nhiệt, 
chống nắng, chống nước
Mặt ngoài là lớp vải tráng PECA chịu nhiệt, 
chống nắng, chống thấm nước, chống bám bụi hiệu quả
Lớp trong PECA lót bông mềm mại không làm 
trầy xước khi chà xát với sơn xe
Có khả năng giảm nhiệt độ cho ô tô từ 20 – 30 độ C 
so với khi không phủ bạt

",309000,,"https://product.hstatic.net/200000163769
/product/4._bat_phu_o_to_3_lop_38e84
9d6a9304432a834dbcfeb4edcf3_master.jpg",,,,,149a401d-01ed-4138-a4dc-731cf6836060
96,"GỐI TỰA LƯNG RUNG MASSAGE","Chế độ rung giúp massage vùng lưng, tạo cảm 
giác thoải mái cho người ngồi
Chất liệu bền đẹp, đảm bảo an toàn cho người sử dụng
Chất liệu : Mút cao su, Vải
Trọng lượng : 550 (g) Dài : 35 (cm) Rộng : 31 (cm) Cao : 10 (cm)
Màu sắc: Đen - Chỉ đỏ
Nguồn điện: 12V - Sử dụng tẩu sạc ô tô
Tên Sản Phẩm: Gối Tựa Lưng Rung Massage Chống Mỏi 
Lưng Dùng Cho Ô Tô Và Ghế Văn Phòng
Xuất xứ : Hồng Kông - Trung Quốc
Màu sắc : Đen - Đỏ
Chất liệu : Mút cao su, Vải
Trọng lượng : 550 (g) 
Kích thước: Dài : 35 (cm) Rộng : 31 (cm) Cao : 10 (cm)
Nguồn điện : 12 (V) -  Sử dụng trực tiếp tẩu sạc ô tô


",179000,,"https://product.hstatic.net/200000163769
/product/4bd1d740e8806fcdeb1531f5db2
76aa5_f72fa90cf60d449b98701b0022b90
064_master.jpg",,,,,1fa4ee2b-be04-4227-b82b-ed20f9fc2c3a
97,"Bộ Gối Tựa Đầu Và Gối Tựa Lưng Cao Su 
Non Cao Cấp Dùng Trên Ô Tô, Ghế Văn Phòng
","Vỏ gối bằng vải với 100% Cotton mát lạnh
Lõi gối bằng CAO SU NON cao cấp, có khả năng phục 
hồi và nhớ được vị trí thế ngồi của người tựa.
Kích thước: Tựa lưng: 46*40*12 (dài x rộng x cao); 
Gối Đầu 27*22*12cm (dài x rộng x cao).
Khả năng thoát khí và đàn hồi siêu tốt
Chống sốc,giúp làm giảm áp lực cột sống, giảm căng thẳng, 
Giúp lưu thông máu được dễ dàng hơn.
Phù hợp với tất cả các loại xe.

",89000,,"https://product.hstatic.net/200000163769
/product/6._bo_goi_tua_dau_lung_cao_su_
non_e7b645c8541f42ae820224fdfbf7f5
5b_master.jpg",,,,,85bc4456-9b62-4f79-b101-b9068446e36e